{"EarthNetScore": 0.20321256201501747, "Value (MAD)": 0.24139250910867793, "Trend (OLS)": 0.3254743863975023, "Distribution (EMD)": 0.22461516339981444, "Perceptual (SSIM)": 0.12473967744312361}