{"EarthNetScore": 0.24748886519991567, "Value (MAD)": 0.24876212411982365, "Trend (OLS)": 0.3385158143565484, "Distribution (EMD)": 0.23788898249905055, "Perceptual (SSIM)": 0.2006128259593166}