{"EarthNetScore": 0.3276091363789682, "Value (MAD)": 0.2625259421394008, "Trend (OLS)": 0.34714230843165794, "Distribution (EMD)": 0.2655683887878502, "Perceptual (SSIM)": 0.5700105997450404}