{"EarthNetScore": 0.30745070121489737, "Value (MAD)": 0.26680634144289256, "Trend (OLS)": 0.35439135597250027, "Distribution (EMD)": 0.26268612021796783, "Perceptual (SSIM)": 0.3797061396412415}