{"EarthNetScore": 0.3250106987048684, "Value (MAD)": 0.2622623198145611, "Trend (OLS)": 0.34600438156190216, "Distribution (EMD)": 0.26304365783207145, "Perceptual (SSIM)": 0.5547775731255682}