{"EarthNetScore": 0.29688942350677505, "Value (MAD)": 0.2622623198145611, "Trend (OLS)": 0.34600447212498076, "Distribution (EMD)": 0.26304365783207145, "Perceptual (SSIM)": 0.33689686238172517}