{"EarthNetScore": 0.29642058018748413, "Value (MAD)": 0.2623329120682038, "Trend (OLS)": 0.34667506822192945, "Distribution (EMD)": 0.2596066576193062, "Perceptual (SSIM)": 0.33945908447234924}