{"EarthNetScore": 0.33018770900869404, "Value (MAD)": 0.26502275757570165, "Trend (OLS)": 0.3519858588729395, "Distribution (EMD)": 0.2639578418002604, "Perceptual (SSIM)": 0.5842644119231863}