{"EarthNetScore": 0.33338730138384515, "Value (MAD)": 0.26652443366460266, "Trend (OLS)": 0.3536976166861295, "Distribution (EMD)": 0.26676310434005024, "Perceptual (SSIM)": 0.5987527335631149}