{"EarthNetScore": 0.008664388553630734, "Value (MAD)": 0.15163094569722357, "Trend (OLS)": 0.28397110006476656, "Distribution (EMD)": 0.13076525749863838, "Perceptual (SSIM)": 0.002252769534243988}