{"EarthNetScore": 0.3286876629873792, "Value (MAD)": 0.26378647170500147, "Trend (OLS)": 0.3471382674313221, "Distribution (EMD)": 0.2667777525083228, "Perceptual (SSIM)": 0.5715826204276815}