{"EarthNetScore": 0.32808070642339915, "Value (MAD)": 0.26377129927602216, "Trend (OLS)": 0.34685255495994743, "Distribution (EMD)": 0.26589801350582365, "Perceptual (SSIM)": 0.5691359297393624}