{"EarthNetScore": 0.2962928506136207, "Value (MAD)": 0.2626286681374983, "Trend (OLS)": 0.346457191216728, "Distribution (EMD)": 0.2570428105111719, "Perceptual (SSIM)": 0.3429663415674501}