{"EarthNetScore": 0.3241342336512513, "Value (MAD)": 0.26243949423428825, "Trend (OLS)": 0.34677781475920005, "Distribution (EMD)": 0.2588172883267144, "Perceptual (SSIM)": 0.5609329518187107}