{"EarthNetScore": 0.2969826185649347, "Value (MAD)": 0.2624394942342882, "Trend (OLS)": 0.34677786722986936, "Distribution (EMD)": 0.2588172883267144, "Perceptual (SSIM)": 0.3435269035613589}