{"EarthNetScore": 0.303259253308467, "Value (MAD)": 0.26657490858162164, "Trend (OLS)": 0.3493452666759569, "Distribution (EMD)": 0.2636522331978338, "Perceptual (SSIM)": 0.3592765318927371}